username,password,token
d7ZLSFss6KgzaX,TMO3BdfnBruZYP,jQyqCeLhQtnuXLIOhQntIaNoNzZaFzksy8xsX2k0hQQ=
8JMyHsZfCptYbp,aAYKj7Qw10d0tT,MHg9GpnzV2HCyY+72pm5gN5wHphm60hWo9Duh0ZxdKo=
wnq5JbWh9jtEBl,gToO3lotG5OyPa,DwG3t31SeDHXuF3YkENJooVfmx380F1bJRbLgSxDl+g=
9fsbCjhPBHCuzu,UIze7Qz43U0LUH,WsVt+l0z/0Le3bw81z4IHufcKJsu2HnY4pfjxZ8Y6zQ=
PnzzPQ5SN2R8nD,GG6YpFHlhyGedU,PrQbbcTQi6cVOlJIvcCjeF/uy+wWw/MmqgaS9/fW3SQ=
7E0obnR9ZWM0GA,pCUqsq1AatfsHj,k7k0spa94sHKKpKT/ELsWBdxPG7ih13UsFmtVDqAo7A=
TV0d6wH9DIXshS,L9rSocKSrhGgZd,OhzSzAZ6JaYZS/PCXlTJcqA/u7dQPI/xJWQNxTHLM1E=
aFZTb0MhNizpq4,B9kRqi6EiFNHSR,6rO4SLl97oVJj2InBLCzEF4kYS6qKwqAk9TerzfvFL8=
5yaWvAIqhptYNr,Ljs2FggsbYnwlB,BBNACJpZnpaY2XOkwkDC7jTqAqaMPp17GdEwrQ21pl0=
79JD8uTTmbJBsR,ald8SVuRinCBTW,1XI2Qq4+TVXYbZnKUicjsu/JXdf40/OaCxAkdKGMCY4=
WSYqarucsYC42I,pxAglXyMHPsILG,+BUxf3wSMxW7DUNhL/yvjoya11t1k98aRmgID0C+smQ=
oRPUlM728228Xa,A7QlJJpzC9mnqn,mMBFoKg7ZufsqO8GeEfZGJAhRnWm7p8q242vuE4QsuM=
k3eOfg1AGLCnJD,6Co2kzVkE6BIQR,zaKGyCpCdb4M2+teOxjBswqdntZYXItnXUPh6TC0dt8=
DhH5z6KCbVAlq3,hFfrTEK6lX0tUg,T4AVlSE4rZaM0ZB1kSL+B7qv/lk0dtUVG+Kh8dwYB6g=
7tWFyRV5pTrOQn,8qHG7anjsOxEap,1fcds0WedDXKdT19OU+pcr3j42b4gkOYPUv5jGeX5d0=
oSVwloJYPvkfUu,GOauagzWgjKrYR,ANQygy4zdoDurDcLXDUy/ko1CEX25kHs074WIHvwzkw=
FtozGykAPNPMlY,QlPTtEmWTMj1d7,bcbfAEOlRZ/6Nq386EnmefzhzY4qWyXLa+U5z49bV/A=
evMHbAzap7fe9p,VAzNHR3V3r9UzR,8eAgY63mXt7puOuaG1dnPABXqCOCNkEGjFUHr9y8x/M=
tIJIaz31CDJCsj,KSPDH5TxG5stJp,AWUoobRSkmpHetw/6PJ2zt1LM04GnuvqlivRAJHzwfA=
M5A2SasFOnyRjv,lb5V72eheN1Sef,1BL7EIJ8VwGYSDA/6I5cX1tT9Oa64TSsw5fxud0/SIg=
qparv0z5khqmbL,3iBtz5RSzvOR4H,GSxrlUgUQaZs0gNd0qZ/9+ce7jiZnHDs5VWSN9zI30U=
gMguBrCAyFTEKS,mZtVwLH3IHSefX,7ElVa5Y4cyO544/JJ539lrsRxWzpENaQU1+K1XUxbfA=
OutY3xPimDl1DP,gwlVPLCdhHshmB,zvdSDE0utSZZF5KRibRSNQfdjlPAneN1x4xnZL7ceK4=
S7LLvc0tSlsWbf,ktH7EhscBTXykl,hgvBpmdx17KfjgpeBduWkjdRWbv2vAHJh5S4Hc+xSGY=
wVConCRix7WtGa,t1lfqGSFUNPXHB,p56rRv3Y9jFPVY01hTRfb2wYbstBbivwpSw6eNcEeKA=
L7tpJN9zttUawY,h7tDN3wXxA95MC,qETLj2REZIkL5HfAajapf+ZXYRaZbZy4E/VJRx6qhR4=
kSbbLSBfSqtXIK,RF5S6WAt9q6iVy,FeLsEQjOU0/ZGX144XXSmpCsPlbMrI/vGOjsiYCerEg=
CH7EZnvl34K6m5,4yGeKN5fN6LZb2,gxhvWCCWWl+vRIn+cPDi2E5uo3FHgmOP1kjTVZE4zyk=
MirjcLjVfVl9qv,lI5nymeJ4yEZMr,5CiTc5NVJFkRTh8K7UBQp/HKninkYEEQLOax5KunRI0=
kSzwhMlHRGtEvI,KvlrqSyAMuq9ij,GA97P/s30EQ++DhK1LsKcfbCISblDxWGeT40AZB4cFY=
FaF5Dz7k6W5Jwc,NjdqPBnFyMsMNi,5PA7X72HzRrl9GgGx7kJi1MBiqTCnAIcdpDgY8CfmK4=
55ot5ofrCLuOYp,auEBU11ccQBnIk,gHQb0nFzqYUXB2+rpx3SEtnMFgLv5M/bBZIgRNphKuE=
YtWbWqwEE7LStd,higEp3opD1QRBE,MVAuZoc8/djRcoQ/G/aGn0a/KfTy6jn9/l1/9b3QTPU=
QnmCiskaTj8LDs,nMvSjqY05pJPph,iCWFqKaOK954DAUnBo+QmUoEaXKXG0I0TOFoEt3Nce0=
Epa2MtHU2H1F9h,AIOTJbU30hjqMH,ZhSzWAcgmx4ZYRLipzhQQqzRDpPJs9GT3cXnDhfnu4g=
V48LLhqlOibvmZ,qzFO7EuqYbL4Nj,vMr7qIJtS/7EteeYy0xk1TCIO+nPi/x0egDhlBBqkHk=
FBbSRl4A1qPc12,0HeJJjMBUHYWRs,cJeuR9AA9NLMnYNw6upByVsbLxYHDDyevJw/ehMo3G0=
FplM9f8BBwj6dg,eAGm5stWmM6hcJ,JQyjWVC8kNtykVgMu/gJMLNlNpIQbKzS6986UUkru4s=
whxtxbBitXDDkk,ZscNND5BKiF0N2,3YacnRQ0sN43y+tbg2AdVg7dJOYsO32Ftfj4Lsptm60=
9Ec22LcDa9SfLB,tMymfVXZthXrdt,m8p2MTec1hxZ0C/Th35gDCcOz22g0oz/9F9KI6bp/Kw=
Uh73RTKnsr3Oog,sIGKDuNGSgmTy8,/2GZ3aSww9xIkEOwInx5afv3Q1Teo2PDrd7eRilBXBE=
aZaI1WCwH3x4yZ,aTXWjJMesFjsc8,B5kBD/is+1+XN6cC0gX6wGZqBTiQH62mhgP0DFGl9R4=
6K8ucX0TRcBFo9,gGdOZhwNbClw6A,+tUwSwxjwwqxQeh6jbu8z5/vpfm6DC1b4jhe2l1+hDk=
WjDg69CKNdIJIi,OYECHa4Kefp6BR,qIMMvCNR3Q7+Y9banX6Y1hIAAkoijz4QyJlMMiEG0Uc=
QpH3bKKlTrjKcl,oCTm0ruvrX9MJZ,djPbIVaH61Kma6yRaaZq4Vnnckny7GxIvSV8Zf9EWNU=
lydUHPyNlrGiC2,S3IFsRBS28hjk6,LTPaq8E4PRGG89si9faBZ788OEqVVI7lmsXXRKKkmiE=
AGqLKz8FewQTtk,Ti1LpplgeSeCAV,ejGDYmBnQ4TEQNjnB5cj0M/+YvP6nmymcv+Oujf3bMQ=
qWr8zPVAggfHiV,KIaB9x3DEkNdES,BmQSK70g41Ev4E6GLCg065sw8aXvPMzRFQ3cf/HGpSc=
qhT7q7tyIww9mY,a3b7tXLbqr1q1n,J1heiQa7yszUYYzJver+xNFfaSeVVRrDdE8Y3kdyDgw=
Yl0PQyy0ZEF4bT,3Zu1kiyKq4TtrR,E3VI+ArJQ8/uxerI5eKMARNoyVLbbiTCD++p9+WVGgE=
wV1fkN89uAsutG,20UCfg9Xl5yisz,QO3YEIYA4XO6XO6aD4SOFstHph5OtPMEgmRfWgINMDE=
jAurTjy4Xy3pd1,ZPgkPTpj0gdgol,3qG+JzOKCtjioHhtsZ3rAK3gIeZBUKCkc28zclx0Bxs=
zuC6yOUWDmdhJo,6XE2M8PCwJpONO,PZDKwWsb8bhtPFFi4PRhrnP3hRnEqvAUP11YrQJ9f9I=
bBBwsf574avNqZ,bMDqqW8f9qtMYO,jBUEXaTp/HqyA52hZtDqRa8Uz1+uD3LLZsUMJP0IeF8=
thYBbGjbyPdgJg,rkdn6xWhswCNKw,Qu362ZwEOJQW7vLm3BcrZqKHdh8lCni0ftLXZrut2d0=
FbWjxW6GbBXdv9,ppKoJIpGFBrjR1,dkcD+2OvgOCf0PYKBStR7oMo4OQ/sKMdyUuvBVBmbPY=
UciO8iN7vUwKLd,Zi6DZS2OlmLQxi,xIqzrLdzu83P65Rurr9r4GvY57AMh/YNYKHqTzFvMw8=
BNzXtCWQuBpOY8,OQr9pg4RfRPrWl,hyXoHmZ9Xb75+9kQGq72RIiozWLOL8hAwnKjXgOvxyU=
veUl6zr9cyGxuN,vuqFbp0HOJil7F,L+UZUDU9lGGnWiFbdn4/n1wiaLJWX8TNB26f5jjylsU=
7igdHCTQlF9DS1,sIdunPrnlT4vmY,7hOBHya9/z4Ui1R/5fwzxzF/ODUPB63s+0QFT6kVcuQ=
vOTRRnv97MdYbW,mMxnmnW8T0CDbY,B6Fyw5KslT3wFZcysXSVSHPFh8obsf553qTYoo2N2is=
LOYFPO5Oymosrl,9HeOstV2l60daV,gPtmqCV14e18jvdmvAVBP/JCQPESFA3F0GJREjOCaL4=
6emqpzNEdfwm6r,frJ6dAYEdf83A1,U31NuUngrV5uPgPM/t6+jACwNWNuM0Ws8tJmwAUmKKw=
EmXfU25ZaJWm2G,ZjOdakaddfYsSR,Oa0qCVKVJloffhbSQxf7r46RjRf1RVFA4pxKydoEfOg=
kQAV7XYpWnKjfI,SxxeN94oUwEXrV,ykgJsCvnEty7j0ZJaSUkqZz0RMOL8dAmHyGHHkeKzSA=
w083IAEbBefzXn,nvK6Oc7e738tPa,28GyG4eniSUHMihBXqXlfgczjxWgFFK3IBiCuV1ID+I=
6DtSYdUDwnq0Um,pwOA1H1tqmOrWJ,4MNHW8J7+k3FdBdV+VQClRHLm6zejo+i/f9X4vIeETc=
7I9rBuBNRijp0O,mAS1hfvPyX07n8,YlGDcdcQ5jb+ciEEtDsgX/g+Oo0t4bi3JvUu8gfAdvg=
xOyLBg0NjuAvWb,v8VoFzNQ0dKDyo,d2q5ktI8qSV6+iY2lkL6KPXFK4X2rMMnhRF+RNSqATg=
20IpO85WcNYXba,Qd8F2NkYBt02gp,gUyndL+7E3PSUVO24B6OUD4/zu0b21A92kGkoypwG/8=
qqVqwnfNxScvUT,mZr1aAEkxP2dgx,bpWfDVNa79TK5AmUZNEglVuWBL9b3xgxcOPFCHCp/hU=
IFQ4dSmYoGTmOV,Wa3J6JYeBWmyrZ,/XF/jhXD9wVhwQjnWJ7MSUjvQke8/Degn8CRgLBBATY=
hg3rOGza6DtLRR,eAN0prl0065skg,aM65vKSheOgo5zVxQoHL+k8FkvDZHKi5o2Ryz/aHTFE=
c1kdLdovCTrPcI,a4f4eB8xFhTGlw,FF8dvcK0PWvUHn9Ncw4Wyz3P15UzBbNqxP/T40Ysot4=
VC3cWHb3uO3VH7,IVVTp3Vy8BG9JA,czqw7dl0ZU3mVjNp4/mgr+YSrnR3ZSDQQpqL0Ls1XSA=
mgVEv0y5b93JqQ,7EYaP5EJULp3dN,gNdkGYiVR4T0gkZVYejuVn9YD0b1lnWM+VE5P/MLMko=
1JQSdEKFDtUcU0,zSBi3vfyit3LXx,WLPiSR4QYAgATDUpgvwdEssqEO9v9s9GU+TvdnLFBc4=
WdLWJfdiKA3Y6s,uJPLR300K17rvk,7kGIr3Xq4kr/1wMP72x0k0zAUFrGpF27UKg64JStFr4=
xfhLtOQpxtpLEx,2IzNtfKNwZAsPc,okMY1Uj4yWKw1j1DXYbF3dNuQrFvxCcggAWANeGRuy4=
LOGGyE7gqzlneK,YJlc5xo4WvGda3,zvmzwm0uP50eooQ6F2yGouHzvrLH9g3PpNSR0G/LBvI=
J8vLFMWsLcRRQ0,UWgEvyugEMOwto,mbDotAVouU26HrOfvokIlipp9yzer3Pg5mPnSty2ekk=
eDWgntMCw9ciH7,fNgoN99ScMs7Hl,aWbD2vV5vBWR5DleJbgxvfEt6IzxgGvcq97hF5GAd7I=
ruOmFkVF8b2Z1f,ulU58zAdRM09Id,xDZmygU0i01PFFweF5Kot7CkwUvByHEX3jWdB9Sm40s=
huNrfJqa4rvdFq,eqIKWuHZpqrynB,mLfoRJj+DnyhsRJ4AJCYm9eo10xekVe6Hyym+CpuOZA=
uOC8DGoRMi4fLM,VOhPyCp7iGlDx2,1YK1F5BAgyC5FyoXyNzxJszNa4pbSg6Kfs5nAuDKjtA=
9S16g9N4hrxHBp,hLmyOdzwZshffC,1O/LIUD12i2LzUtLsTtFaI6T852uIxzOhzKzJb0qOLM=
oIdnPNQ0ron8RE,vHodJYBIQ6InkE,tvY6KHH+woKorPk5fVqR2F4HuJrLoWVZIvm+lJti5EM=
I6pwdGLS3K98ss,YKn6CGdbt7bLts,XPHSi4QEcmw9xnRlm8BEHTs9pVvILhxa119dBfdA7tk=
7uDIT24Nq6xiUL,yTLBdwC94mpicY,qEzmwW3PWILPDeXxfxWAJE+zWv6pTmSdJx/DKHZWxFs=
fAEUnZdKZlohI2,sJ1xK0gsWBJQw3,bjEG7wPSpGIha6KrZxXTdCv7i938clhpC9KoIep8+cg=
PYCaFMu6bEz0VH,CsJyeuxtovCjjS,nW2U/w3tsCKghe9KEW8Kw30yvSYiZi6SrZkouVa0pv8=
FEmYMqRYo53ITD,FL7u4poTZPO7tr,sECp2tmJYbZEeBeCClRwK1HQXBVpNvdKbJuzHFYHK1E=
Xv8GO909pjZe6q,BDTfcT55QHxzrp,WsMQemEvxfBloAotvRKWsugVb5bq2MWHyLHWfYT2Fak=
QriPHUvyh2DVG5,tTeAzTvxs4kcsc,SmkYL7scSMCKrmcNspA1plZGG76WV5NRk4UPi1mfLXM=
e92C9dx68qT70R,oXDOHXxcNxVw0E,qkH769XdgJTKM7Bl7EipFthKMgZr0w3rcPGv1PVKcU4=
MwOUjX7ybl0g3M,quDGIWHM1dupjV,5y/fh8t+S7hGE1D9j6C0crSJjfdc309QYqKUQF5Wyx8=
ELCT7rGUDnNcZF,U6JawVPXUU3XPc,7BZyvgH+MJXzk/6M3am5JHvZ1E9NaOGpnuA7NjvovDo=
VGHuMIgU02UbvQ,Hucz6F0ZslI0OB,sF4nnqXTvGXEmG8jU9ibgdApmP52ji9xBw+xn//52rY=
VQpff5HUKEPDD5,VO580mrfPWPSA4,2iKstQ/EzhEvqEHQWyb6WJMBJeZPC4vUv5UDiK3v040=
TcBdbjcxXlTNcI,pVgYhp1GlRmE54,m/bE6KSwhf8wRcv2x0/0qOrzcj1YdeQungDbvkOXgkQ=
dla0MUEj23hAC6,VSB6P7G0wEuQmv,+l9dFx6iXmJNbLF3zKSno9gNj+7Q0LVstLGZCOq/QM0=
dg7iNjqVvxtmPj,qiFyh5YAmQ23ts,nPtS7QBGr6QTKVoSBjwtFlIvJi+bxYHs4eZgkb6TXH4=
KvXchkVNzr3Q6v,D6P8SjFxRL2jxU,9JVkKV9lWCwXsjNZHu1h5RPvTytGNhT86zK9UDh0QRU=
romaGFV9biM1sc,itudCb76xUxLPI,mSolX4Zjz0e/PRCCTup4a4592uu73Nb//I0/Zs6R30s=
MDwy7nMVdx3mfU,kcfkbKILfs6jKd,Uz1mlInk9s/Tn4Bzan8m/APoI1mjISI6FXF0iOvUTl4=
wWFAQtFt8bL9Gk,qllYujdR8u9Kvg,Z9W9qFrqI9XVbUQp9KvTWNYA9g3mY5pOxOFS7Yyv0rE=
fhzD5JgPgfp7V9,6ofc5AxiDTSnGr,o/5Eqn9cd+IlRh4G6irI9vHrNDiSgYobqf2VlV/SxOQ=
LS0clTE5h0asZG,Mz0ZivYk2Iq8dM,RTlGWptfv3Jh3L5+UY39lIYUbY0F/i7ficOR0MH49Es=
xfxEzPqNkHygo7,Tg0UMZO41WxZxR,opKR5KgdUXonqQ9FLugEvSWH9M62xim0/0KB2vsjGLg=
CFSdqj0jZHnJS0,tzDNAS0tqWC1gO,PiMmMWu+iEo/EPm5VaONO6nesDL93yytrwYY67Qw7k8=
J7gar1WdSkbZXn,xmWlkNQj24yf1Z,O0q8ijI3HZd7XhEhAaFfV2Oai5gA0gqe/WkqCGfBWUw=
PqQFWQqkYkypKk,QYpzILvkwiTs70,RAcnx52gJIvlqDipyzPnN1Uu+AILh2LgP0oTD/3hFX4=
TNykelYy4ThJ0O,93mLm4H3RUxnxf,YGsTjp8j7xPKkZtJ1FEqb3J+zkgIJpl7wUZW8Dt/Q6Q=
wTkcB8vLsQN66v,KWWm3jmm3QeHbR,rUag/JhmP0YYZZG9Lmwl0rnzVAdmviRs1M9noUn8wu0=
YiRjqp21uy5VpZ,YsQMea2I3nsTIW,2xcdN2gPVrm2L6QpBkZnK/XP9Rq7/7Kb3mb0+NekWaU=
GAA4YpBMkzLfUN,Cs5BrhuJamloiL,xSNyvNBS8+gR/C/jpudinJdcXQXUeaJs313mvzbQa7c=
1llxal8kMEN13N,KL0AB7dRZ45rCS,2lX7AQwKh/m27s3UnR9yS9lC3JwImHWf6swIZD1EVnY=
8TXzBEC4W2oKOj,zXYmdmN91mK3uR,q+Fsy2qOD7HR3RnjPAJ7JZbkzmw/UoeiVwmeHGYw2nc=
Gw5cjFtabt8n6X,JmohYHenGCwcVc,bSkxCOFc6/MZcd0TlSFixx0Gk4rUTZHUuyCwtGHpUqQ=
Qb6hsyeUFP0Yzf,cREn3Wd3f2LAya,HVVKe5hw1AjM/reuCxMCSTnqgHeDSB3P5vICN+iVec8=
lCW0bHhoJGdGmn,pCXj3PgGvrKL4R,0Sgo/pg/8v7lg44fLONtfLtTSoRSpSK/Li5o2eOfHaY=
43uqZ36fXmXuZ4,iEeWlT7bAYJ5ye,mdAD8OyBUiwUHwUeEYDSLrL/ThZeGSK8Uq2jPW6Grn4=
p0LoqMENulep4H,7DC3IFMmlKlryd,ozWWiHhmqg/gpiiIdLG3p+JLOXMZ+DeaFzdwKGgFgJM=
GL8eUwuif7A0H6,V7D5ZFGV3SyyoL,tEIbliXX+QEuQZ7+SZTFUDTWx/Vpfs9wJb6ZCyr5QAM=
QSawMcGnOuBCIC,BDWuS9NvH7Axhd,J88XZNf+tGg28hKmPaKDEmISxve3/hsKlXZAhsKPM5U=
kV3tJEsslbLOLb,qMSEXJeER6yjJ9,Vi7Xm4kDK04Cl+/X5f8JuxOLqsnVpviay83whQ5u8es=
RAvq9jERnxwLOk,Q9WKplTtC4RK3x,qs0rvnRygb46X9MeTIgL3Vm3hPEBfKDmNZZYiuvPFIA=
oCGZN0SPIsmuyx,U8MWofg3lfeB1I,SuJPTUAoawiK53j9tGRJtTzpUiPpQWRwfVqnaemybMs=
sdRAbRN44z6W2r,Eh2d8R74IWhrBI,UXA6otg+1PcVy2vCpeivLhXXPmSw8auXUUwvstLabhE=
WVDNlixiXTrqcL,zmA10qYZoiWO0M,1s/r6+sm6AvJn0v3cRQO1cVMeELIKVRxHb+JTdG6aRs=
Slnd4fxmj457jZ,Xe5hDKbHJhN4LC,y3VsrHWstYMGCu0qAOKKjt07tFsOcTbgr8Xh9o+J/kM=
x8AwmNQhNOdgrg,yk8n6bBpyXJJmI,wjSR2LiJh3nYrylS2o5njI4JpOa65oXMZ5ZEPmdrO5Q=
E5WXjLM2SE9JiF,zmBYiQOPbAc72T,LNgDY1+0bmHBELNYwNfTgoN9x47xhuAk6iP9rrY6lN4=
QnnTpNH5SoJYJV,AHGyu0UL4bTOys,O/QMb3Y4wDm3Ek1BNOTtAwiUunhDg+Ua8CljbF9wLok=
8beGIjW1sdnKht,BJgfYxfimjGaOv,FBP7CdlXa6gxkhmBjYFiAUg15TTdcA5o8+kmkkFt9C0=
Te7n8Ck0HIhQIE,dJxQgBbfMwkJGZ,DT9IHnI5j58Zh4l9by6lWQ4xShxcEkgHfTxtXpkoK78=
MeG2gjPyRTB2t7,hKaZfK04ZWnOzI,ghw2+Fe7jhS33pqTc7tEzyps1dPrbo0Sk0NmjrYAmrQ=
8aG7TdEDc2CkHN,GOnxtqzpmX9T5E,2eL/lsY20HcyqlNRcsEzJYh0T0WBSUttbRq/ZWV36BY=
5rqTu2lG1Mabgx,gTjOE8vo0AQwMt,jy7HPj5JQs3TGZVv4Gkr6Ni4ffqc22VF9Wv5g5P5rGY=
4EnaPOCtvDD9tO,b9Gi5GjLHRaFmu,XNka/oAEuFe2RKSph2n3z27B/kGEn+7eiUa0t94rTGg=
ak9vxq9eIzWeoa,iX78PIgvoeAHwf,gL803BhrYDvFjJRFvoMXb1LeEksz1IR4FzRugG4VllQ=
Sf4rkIqy6bY6WK,uOhYLfb5owDnO0,yTHqYWCe38uvtnfMePRp2vapIqQliqFUqdnQc7QV5gY=
hTel5PrjAtvQFw,FhWcCgBWSkeTkv,5EjHKOMm84iFNKnqXo5fWD9E3M45qxsRsPFpvwVWySc=
I2OXe3WPAUETek,FAvtRcLcyyyaCr,IpKj1xc7rQD0vBYf9D4mCNVGwr6+BuFvBCDQ5ywV5Fk=
F4e4MEI8PutFNR,jVhWnq7nJiosbi,p5oev6NED01llzIc5at2SrsqjkgQJTzqrOcaslKI1YU=
o2jWiIxXYEh3gu,LW8MLQMHxg6FEZ,zAMQKxHgwqrViYgTyZZkt3WU33MqvJN4E4h9LFlELAo=
1KhiN98jsUtjIt,NFN8e5e10YzCeJ,CyvuxjnuxF3X9SEJHlPIZkgicQq0UgXxj3fgCbjBfKY=
zq6qxNglSaQ2HG,IRO5LJPu0SxObH,moV154aGMgc5oNQBhrBlfBA1mNcQYteGRRcsCHcAcdM=
94vjcmSmRwKnDA,RdZHbjptmjIpTm,FgoWNjsGujDFZyerQFuvgT03qie95xJAuKRAse/nbU4=
PAacp2odCBiLrL,0n0d7mnGqNB6Or,0z6ayDyzSJ29z8L27Rhm3Xtm78b1ghgDsma2vzlx5LM=
XHUz2lW5GOdIgb,YpFH2bIn1acBZZ,LAueXM1cSL/0qrNxMI8T0OzY5vFPX2DFCwsWQCJSAQs=
OHrutoQngyeQJm,MOU5S5iA7YHR6M,dqKeWWdmZPqmBy+eR5POVdofAWDF/cWtGhbsI5yzEeE=
8wX3tqSswB3Whh,SGXAeygeRShcw6,PmEBWpLswvMPHdGjxZ5N/VFxLYEPjvsX8I7hFWpui7o=
tuZDjuPF4zmwnY,nvJs6UrodMJLff,SM4fQnTgJrIf7xikBRxcdEpecxjzb1FWPkW5TJQEqCQ=
AQZPu1d3n6xBn6,gnoS2P0NnRmWjX,s1F9BED5kK5CA2w40qnt6K2dhjgq/FCZ9DKWmW9CGQg=
XllKfSw31OVUvv,ahLmCWmQviqsAD,JZbegy7jaa5sGpKeuSeSMwB5NvVT+P6FZtrzzAZYxx4=
UqR2vHSCWnal2H,O25YQUIBWyQMIY,5sm/WbGAZRudn2ORf4unsFT8ys0JNq3AHESEdFML7EY=
YsNDO6Q9fMwkP2,w5Du0RDbAY3rcQ,iTeCfwDP7EO5lbkMmCmckVeXfQZiPEiAOKKCj0MBGnE=
ShnW4qHihebm6S,vHCyCb13rdlgSL,CyXdbyKL23sDkBppfsrC9iVD+Bokb5eZ0OzS7gUBkAY=
jTCeY9m9r3j5zn,CpgzUDZE5BkGcT,u/Az/a60W0dxLhttczCiUMDswY1laMc2SBc1U6/uFqI=
ymZ8MZgYbdykXe,mKx0apfER9LkY2,T9e4waBU0OzXwOwPDbFQam+wX2CK/kxw15EIyPKXWuY=
9BY94ah8x2FJy8,WmeTB0F1d3og1I,nCv7Te8fUMK/c18ffmVjTrrjragXcIT1IBmbeFlttvY=
9xqV7oef7xU9BU,rjChj6avkCofue,6Lr9cS1QgWoJc6ueB9Ho24n8JcCRW+PjmAG6Ht5fkHU=
ecMKYpsjvRu5K7,xNRlpuyHBk0hNk,Ju/R1dsVGkL4C80ApC8FCUwS6VkwEjaqLd6/7soJUgg=
f43XFo0Cvdi1QK,xPzpv9Og9BblLG,3hzGNbCbB1kjcNJTrfjr0I8w4SXt7ktEumbUGDuSQYU=
0HjDurJOBciyxh,5Yc7FB5QVCcqz4,DxxI+Qzbh6h0q9far9nMMV3K3DFtOfO9F5J5Pq8kvKk=
tirtVYUUkz2vlN,0T8LiqLXEVL6lD,DH9h5cAmKVYefHndUOncjmkHwr8NRkNmgGfiOfOJre0=
fgLlvC461Mr70o,7w3QWwlgsZCkhs,t13b+jSy44AcEv+rc2Ngc33+uA6cd6PGp1/MJNiPm10=
x61Vaf2KOcAKXU,1hcscdlExe19dL,05UWxRxJ6L2HeENGAPgmZTTiGZ9CkyU9IRX7urvBCCY=
LGlqwLmgk7bqwv,c9hjFwY8ze7ew1,GU9Og0T4CXayHgfSBRH9RKtZwN/yBj5t3zSNgVRJLkU=
UjfAwRfxBMNXhE,okDKN5i4Zr0QIm,2/sTgjitWaGj5Sd2AIee6dyZkLXV43unkaRl2M34JjU=
65hPSpuHDUgsyp,M2Qze0vcUn2BbM,BaLDRCBr1Ya95x/C2aLvuhksLR1E6RntqLowCXFb/sg=
c6D0UKGEkbtzvZ,4QlfDiWob1kRpY,8FiDWnDNVeQ2Dzyf8wkikJPPNSUgzh55hheCz3OPz98=
VxBGlXUJzJQaSs,vSDoAb9UZQkwNj,+EJzJSzvREVt+LdyPWKNzaBRMwUL+mLqc8nNI3W3WhE=
FdeYy8BXaD86c5,tn7wE1Vk2pHQJP,xJTixVkuvDdJ+IoJYBo8EQCCQNlqfW08aYnNgcOYEjI=
HZ9uvU4yQjMHgj,OM6hnhRfyifPKp,IKXZ/gtO/okULDFws1IlbjkZBz6upQ953o+YDw9iw60=
M7rqecPr3UNIdu,kogetqyDqVPfxR,puSJ3+l00yrkgE53Xi9xGUnnH9SLvufRSXT2J+hMwlg=
eoKzsbALmSfRXl,ZBWjFjn2RCNbrb,YB3uTOnmgUAuA0EKjLqiJb8QHEujWHkJ2vOJr7zSPNk=
m05lIiu3BirDsv,dKqh96MkA4lAka,HNjympAMfmWhNr2ANKdneGTfia0GCsmQY8eYgi/gNfw=
MSyTXpScjdUujU,b7tliO9O1nvaLs,LNgBptIJ45Uyz91ktJO+S6smWHEpVBFYiotbytKsJV4=
uSb6dAr7VBy9hl,rMeYaMal9ekNTG,yOaEx78AOMNMgb+1ZKnBAX5XQQBU7vK6lLXR9f5RNUc=
3cUYCrtpp9Q5E0,Nq4qfmGP3Bu028,6mM6/mb+OZUlVkQJNYY/4tUj73h7WcBmdHZqXj/YeOY=
T2DZDtwmeUWocw,jB67n4At6FYFy1,9lS7i16hMzopFEUPBlmH571/bwVkCUHWUS+7QreZfvk=
Ymo4a0AUXOQZU0,ESsl5Xo7hnKaw2,aXyyaDHl5jNlTIqeNuAISrB++PcOfty3P6oJHVAkR2I=
f4sv4rYDAWLb0a,BOJonp0cK5m2RO,q3AhBaw0W3/cif4lUSu4uEPmxXJt9GNCq08whSOPG0U=
GuOOpMbxtSx25h,nZChiBrbyIWI0Z,NUPD5z2pYga7YLwXIPIhpjEMtMF55CRNrSX06sbRdCk=
HvnV1ksG7fGnxT,SzDMkSS9PNtAsV,op//9WY/vl++g2P7dYmv/bIj2N8hAZN8sa1EZQ6rOcQ=
Qriqt4ppREFYRg,jQinSjSJsVm0GY,9hz4tNnonvsYM4UQSuDltYE/aNoMR+9fL+DYPrPnbzo=
qvmsBhvLbMvXPs,5ZPd9Fn67sC6M6,k3TUzQ+Mz5AD76dcqV2fG4lHRirQ5lnpoFR0BeSUagU=
B2dX5FyZVQMUgP,pOv6P40AHxR1x5,n/riJVbwQovwO9ZofNecELGGGhIT9oKunlbJIhuQMrI=
JMgplYrlmavZsM,tAgzAHtEQz05qK,M+Spc2+ibhWf7+0h88FK0YTdYW71dZ+jhzxJBRz7ZUM=
6WwczDI2F71GWm,JX7yUzIeeaqvUA,3+y0byfG/kdnYXBaZBBT303146iCPLzAaEPg6C2O0q8=
7UTecrzRj7Jxcd,S1ZEuJYe6fN01A,nSx9Jg2XPrQPNha7rJSKCpwsy1RGurplprkj4BLwFIM=
bc1FRgqM0OgGUN,YDjd6HuLeGpatd,CBDplzntQZzbdjYx29pXRazTi1BTANndf9elUtcHWdY=
Hx7XJGSTunCAhF,X8MyahJFCPR9cD,BDAvaNO1Rt+nMPIFXjhpVTtmJhf4AKfX2Oc6ltsZi2o=
TPQtdxIf8wKbBK,sfVlMclpnA8yw4,Mxb+8x48R9Qwus/drih5aLMxJtH1gDssBbWTCDD3ECA=
qfCFxKqENR2awv,5GYontl8vtErYO,06EIbUpN7AkCQSVLaxBT3eXyaBPmootMuyN6iiVI5kg=
ovyqO8gITyj0SJ,wWikXcLb5uNeqA,Onn0lfkuesEBgQLm6OiL6p399S3lrzdqByLjkm1Ea5A=
PHuESn7CZcnJ9k,rmk9IA5neog1AB,4CIJAVSUynFun390QNbGpY024E1e/XmkxpaxCMOf6bU=
x3OVrsO9bDwIHC,13UC1utHrCKyPo,MVmlPQ/OaVD8uh7oAdirCY3Gn803LTNFF+M/R6Eq42w=
H0zYxuCQ2KIMFr,mx6v8wmtYJXw9b,jwe7usjXWtTZfAAQBZdHrWdga1+UMrr+o+VOGuoKcl8=
gWK9GKf8p21Kye,7SCLcqApl3avRp,svHNYFDjp7oG57yPsHmd8a6nJGf00pvM4ZOWPuhFdpI=
pWWDJXdKt6qZYC,JnQgM7P2Fv8DNU,vtsDGGgxzwbcY2ShWJSY9mcFogV8Th0ehaduqYcJGew=
JpqrJIjxry2vGU,sLYBD6lI9jdI8h,IbTnv7kIDZl36nEkYJ89xy1uocMpiwofsNjHHMoMi0Q=
n8VzkPY6MuBIS0,AQQppwZ8HNNHGe,dW8UdLO2H+Pla/7wdmi+XBDvCw2Bz4wywfXmVIA6eRk=
3cJVBJducOoQ4j,HpFkel4UIzKXHl,ZniFn3RNrtSwPoheWGlatRJ7Fo2ExllRkymuaDvV4UU=
Sn6vcMNZAtj7UQ,J5bD1wysEIML8P,1scfa6FLL14BkiaItvfHRsgQ7NOjSj1Pv3N+BRz/Gp8=
Y5QDDgKIp5GS7K,FYbxiqR8GdmUCC,boWY22an80Fk3DwraNcW7ToVTw6KluVZNWo2n7P6wms=
e0uljtrEAZMXkp,SuuAzlKsaAJqGe,ffSv5OP+zPsfbOJePh8qWQ6ej0rWQ9QQ+GfHSdGxtaM=
BzXbGfm33K8Dt6,7iFT6aKYcT0N0a,VK9WCqwCGLHEZKDPVbRTI1Q7W0mciPdFAXjOWm9dviY=
Mkg0w3muNYLfjx,4nXAmUQbkTPx8H,p70jcDHQyqvLJZcl4+Q/I0HaZZKL6NCeSWQuSPhAF3s=
5wl2Z178sEChif,lknRk4JcDvB6zY,FeHZ/pYWm+IUje4/DDZZg8xz2Cqqdi98T3mVA5oL9tg=
oxpdEpZyo0ohv0,fy1NncNPYIX2sT,EQJAlSY/C3bg05x1BAuir7EBnZz9Jz78wbZpy5EpgBk=
Kx6SJvjkaofb1I,BnGT0aNHrPHaY8,cRjwDfT7nr0Shf2ZlEvSNuIpLwSsgUJvO0N86WlNeQ0=
ORxrtJIROnsZgC,GnLLNIJeSVwkar,3b4VA/OUgD4eazg8x358VhwbYLhNC+fMJX6KzgNGsjU=
bv5rjazBQ0qolZ,5pwAZSKT74TXZw,AQLnfqdIfx8YRpsMdt16QGrlvyALMp+6X118aaP+Dgs=
yUEHfpC66VyWqm,ggJWykHoLziX7R,jKzrEbQTBLay4BhvQ52rY6dkF62DJx9CkHGX7MNaIRM=
7MC05o330pz2iY,A5rYx4wdWRIW3L,tfWM+jpJBFeYISxSDIqMt+SYXW8HPGZo7lLVVSxzuyI=
oKxHNAyZKDa3XG,sSFPpFlC69HW3I,dDXPRS36VUIt9SsKh83l00ucBfqc2v8SxisSrkbH460=
npFdmJDxv7IvQ7,xaDiBMEyuBcwXF,2DeoYdToFJ5SIGPFdf7q12D9HvWAZcrBuEqOAB0vW8Q=
5iJ2MpBYVSkZ4O,OMMW8BlY1AtkJF,xYbAssrJ4BEC3h8+7CnlWrLFL+UEiN5zZLPDTYEZ1Ps=
jAcNpfQFGEEYtv,spFMw75Q0x2yCl,hxA4UM7MRAzSW6YL+9i2V9d/nXPhnX2R1Bm/QMiEeXc=
GvPoAS4Ch5IkHd,vWh3nmxF7HxeBV,jC2onW3X5V4+XW7ILnMQKRjZjFfZB/Uoyuahace0eiQ=
WGqWp9wDvDn0W4,h7wBNUaGthjR5v,licxrTj/ydrh506TTdHXaF3zVHc9uWX6caC/41RSvGY=
TaZeGWFLy0XEN8,uBOgWSbGZlyIof,W7Gww23L4u6kWjQNK05c74YfZuvV1FyXziUvMd2ftWk=
fS81OiMAGCgaFQ,IyFR8wu8Zb5oDK,IVTjU8gaRvtY5LmOfGztV4YOgpQurCqOCKWy+5ZaKjo=
G3fW93kpXkGnJK,BfWpJ4xNKHC2wE,wFeyW1nCYM/PE2PgWMbfgApxPfm/dIoTMkigu1QdIKA=
d4Sk275EmBhkQ0,LZCNQ0812Ny4pv,DPfY0yxa7MnVUR2KM7WA4wiXWVH0tUHxrPYHZBYhxYc=
J9qhe1hkv7UF2x,rb5x9CthKpPvyo,nMEAwf7vNS5Bm0v/N0yCdXnSlH6FzI/qtlghq5K0z38=
g1mA4A8GjLK52U,8IAoQMdkVW6UDk,XHeGcNmUnaM2DqAZIVsMF9VVG39jM7Xf+TpV+jYmv4s=
YUEUkAhM7QVe8A,q8ZWja1MuvCXMX,hFzrO6qdbYp0Wu9gBBfGKOFoG8USXxC8gBwTSzHwi30=
LfHADBi79djIla,bCqZERO6YKtrRx,1jxi9CoLQNlRL0D14vSWYpJMHH+6eVK1LDUplFzgn04=
2XDUjCHoRMFmDM,DQbOP8Ctwzd4dK,uzWJSvtXXWH6FUy2FCeW88swaumvtH5eVdf8CBpHKQ0=
sIrne9jTWw84Md,5Y2Qs7lravuc6Y,ISZ51D6NwckLpNL40M5M4iSlYYNZNum3sh017dkk4Ds=
VKYNyrCLiES30Y,0Iw904KIxHx6LY,J/0hX5j7Fcq82gzIGY/tusa+pzkVRptXiDW/+ZQhEKs=
IyQDFjGoFCyx02,Nbhp1jz5A2vbku,Ei2XbGtuX/pwNNZzDCd61gUHjxrxrGgGRVpErJakVZc=
Cx5gksdGX8awRq,S9ddnp2fpJKpoq,lhJxnqh7QOkAcy3zcJf/DeEA1N6I0TVvGCJFzaK8OuQ=
pFRy0PLZyLAyMg,sEXFXgEMaeRFLn,z2r440sLiju3gDdHvoeLJQXrF2oz5avYNr1j5z9ymBE=
R4TdfVancWmhGE,lQxZxIMmucHjhs,6Y+Pc5taoSir13UWPPlMoUKU2kGhl6XUxfOGrTGp7gE=
cwSvG8JUwFyffx,MX8cDfi8P0Oyxn,EkimJAMv7xzdOb+F6p8PTsJYkSParPVKpfed1a/9Wt8=
F4K7oI222sbgcP,p2hWM5ziSpDeKV,EuaFonoPTJDRwS166XbYWBOQ7N0CicLC0+x9wLXantE=
Ncu8YlwDwjhHHB,zvYANJVw9c2ZQo,X63ESjelV6NjXicXnqEikIm/C4D528rf8560+F0Pf0k=
tfVHbofKg8gb9j,fcTmjFkcQ47V9e,7sn74T2p2YQf3CTrnUiOCQl/BzPSnaYKS4ovaWkBV8k=
aEDlimdG8LceNh,8AYazNUlVTWnzF,1n29U2sIgSZ/9jym1bNMt0K44T/IfgylAUUvSjDzV2k=
MDluzscxCGqpYU,Ob2GCBpsZQzNoR,t9BmLofK35vX/FihoKD26N5C/UdH8HAm7kn4NpA39mM=
zPZWG4wb8wjCe7,WLrGK9g9ACLI9q,YJh53HQ9whZlW7YgGWjZEM1Q3vKmdyvNWkq1TBlDz5Q=
O8vHYrHWXzZNIX,SFLIgwZhMPKUhU,IUwhDDviKQx38S0BleJZaaB9p7UDVTnGd73K4tpp8UI=
LMBZWMFDvpzAER,ugsL2cxC1bvpgy,Tw5nR0hMm8t4aJ7MQfweAfodqEl+iTgKIvWK/IxI2aY=
Kwf1WXQ2CJgd5I,DYvaCgaWwRjf0a,v84i2PEBoGtstwlUKACCOVvXvG+N4kTodr1L2BU9Rww=
NndW6fKIfv5ywY,Nn81A5qnZmtcYG,qvuMlFGSsZuKpMUNH/U+9+dWbZ04j1nBEa7tFlqA6cs=
yD3aPnweEfb6T3,u812sn2l7C3aBF,Xu+QPo6PgbK4FJk6Pj+MQgXeMwM5fg4WZEe6+lrg8po=
qcbPo7PPGfobXB,vsS5dgrbaShZJv,Cs5rKNF20Nyk8y2/GPqsQWU+8SqWhnigBn8e+AyLk+E=
Pkd7851Dd1qPiN,sfiTzyAwdPXvV7,+tBsZNJH8fQcpZPHqup8+RBGcBOoR8y6YOTOyzhRI9g=
s2tRpNsk71qvJe,7KvKfSS6Hhrv8t,5d0jgGcovO3NvIK7hEuFFNm7Bqkw6yMj944xl5qWfz4=
OD55B1S8XJhBiI,mL4DM2OA9piiTc,q7Y968k41had9AsA7V8scsn7io7f5FCTgTj4+iiyYAI=
5VTdnvd0vIbUE8,BlzEqIgV3DW66p,BjY0hT1zWpmsas0YNJG3ve1qav/mpVsvHXRN6aKuDiA=
CVSDhJvdZazRRM,XwHJsz1h34sStm,Gz7pyy3TU6igjco0yI2xeaAd7ZYANaihBzzs1aN1zPs=
8DnHnCXlZ08lQH,vS17AUGoIqgHJ0,faNta/M2lP3uv/gWjTQs5tW9TGDfM4SBE8MuwGkhL6M=
BYb8l6SNz408jW,vfeIEB4AIkMQBH,P+r2Q17FQ/PZtYDHnc0mKYxrinuRFAkWm6ft4jRGWlM=
qiDGqxBLPB5OkG,3fsGJKeqJ4IJby,scbYM8uEIx6gPBTzAFUYAp1KwxWLg0VVVdB9VnOT7lI=
LWnBjn03OBrqj7,KPIZV59GKQwL6s,rUUlFlQKGafd54jpy4cjxh4a4674c66Ta6meI4OquaQ=
NAMNbx1mHHqItN,l35natDo1MRGiR,V6G97ZQGa1pMSpT0aFiocf7vE36//3sgqI+/jh/CiyI=
tiRlBM34nJ7gde,jD9q5CIVfB0A5S,GP5JzjrhxSNXjb39+9AmlTXKXG3erDFxk9nwDzDJCYQ=
vGSE1IesaYdsu9,81WcUgWZ724kag,Gv6lSZ7UoLNhkDdnXNzFwzPP7PIFRHcSmmgvJm26Dpo=
6T1htnx64ceGYi,mjGbd5tPuIcsCf,VuxhqbjyzQhS23/KLkmRH7Mv1Z/+BCDZfvFoGKbft30=
2ResMszBMSNZti,AjrUftYRyfvdQB,dJq/N1bZufqrCDx+jyZ1x+0G5Kgk9LH6lydk32NRtvw=
afNiDalHTqJOhA,erdn1EFr0fT8Oa,gPYpM/9WYZ01T6SRcJ/RxNreQ+aBwlDIWJw1rcwqx4M=
qMj1GtvjoYhQyP,L54Q3JnhwqIW2e,YNPcKeZmp1WdpNkxd45DpurOSQuIvbKv6rV49tpj6hE=
mCKLNkvoqErufQ,E26cwHDZye4d2H,gaoHbWMw3w069mETRvIYIJpQLPMfS2CYADe2+KkxUyU=
IzXfpscxRsweBP,LaWK5EBj51Xrct,GWxJYO7YRIrHML/j54nNesopKQ8po19MmSjK6PA2RyQ=
IxHE41ikSdkAAY,WBNaB2fbNNWsRl,CJBudMFu/YSjkXWUAKO/+7xuiWsw1jO8XzmXb4ExSVg=
6f0pKgVioA64LM,jLuXRK8uTdsKcH,y9CBOlkd6CqIvj8rKxZ7B86kOiAfxFyWxqqJijPprV8=
DSlvbmJKiPCXbS,tr4cleTU82I9p5,qT4trU1x3UnsCQUa2DVEXBa/M9agLgLDQrxc6R5+Xek=
9cma3JPk99XZct,eUjR9t3riR6DKA,PSXL6OrpZntkVHrsZxvoSIiImq0veIm/yQ31Q4E28KQ=
kx3ATGbxjiVSRt,Gcnwprlf0dwx26,5zdcHEtmmQ6b49NxEeD7/OX3VK48fvcJAQkPMJQ6MKA=
JRpSNO8xqS2foc,qQKt8KYFt8XLDi,G9dLgM9GHKBMS2FurWb7nYEwihLrigqCVy9RcL9D3tY=
RaFLEcD3HY0A5e,YLnqU7t8NIbphT,1iPKRb46Sfdn36pGFzGP2TbOwNo8U3/DZR8trWsK+/Y=
wURxQpgrgGH7UL,1oST6X9AfxepHs,Gbkv88UWRC0IlHhqDc0AGJxiYO2F3HzWl+wAcAB6dzQ=
BK5rhBOOszyOjo,guLHK6fzzb92ev,303+hCBwFcqXX6JauKOaLhUfsI9yiplwgmcnRHPp1NU=
6hBlZvkD7th38O,h75ebEzimwxFWc,utCHD/HzsHe7G8s492wkU7ACtthnQi3PoYU+YVCAZPw=
pM2rPJyOGfvaKD,Cj9ioAaFf66xQ4,+GR5Echtst/Vvb3GvBRE7TxxGfYLlVT26W3AcAM+vxg=
0WnINjtRUYLIXs,CTiuHqJg63q5mL,P0JrpXki2I8xOUaMwPLbfHnmCQDTQsnBvWje4NrGKVE=
sjOrjX6khxUnVn,nnvI0wHsosBJvz,4QpS3Sh0NUqcgKUL6JiEqf7K7doHpe+JbnATbo1tnjs=
ykOWVyKl04qkw2,GMWlthkvJIi6h7,M11vt8k0EAGrEQ6Qxoqe0ZHrV7ikjFPw0yfpgmioORE=
22VI6bJr85MCtP,WxO1fmWVM0nxr0,3xDGoa9k0cEdCMcHHvmcBx0PjNQFJmIgYgaT/fk9e54=
pQnh71va3eiAsL,bX23edgZSb77Zy,u1OvmUh3z7SnA+q0x94tqZoD/ybLxMdN/Nb3zbNnNOw=
1McGomP6n4UB7v,6c01gquazWwVKJ,HMveeP/R8U/L4/9ABfpfqCjw9h7V7PEXFuvgxOJPV3U=
vXpfbJjMvwEeV2,Qz8z9DhZFGhiyf,rs+ESxlcJxw81TWBaTulcJ9LTkbssj5eI+7tpyyQMxQ=
T1vLyCy6SrDjUU,T6ZxpLpNCsPkvk,fHU2JX1+rqtTBfe7eRPBm7SsoKLnuL9d5zxsF7pCLdY=
IDWIB1n6WC9zhy,0puMPV0KUYQE0X,H+HLoYY2sRXFqUT8xK4ktH1WDA4REElEbcNa7u9jF28=
pc8uE674d13K5F,y9n52wOfOI5qQK,JP0hcp4eOrsANswPVGrIQW8c5mezUkCrUkVSr8B++rk=
RxfGcb3zZL8Uxm,hkJTkYn576louV,qG19C2vJPUkSNVfYw1JNaYnW2ehMNXDRhkh8wjtWKWE=
6xvuQEZyHMoQqm,Cyl9U1KJSvFZCO,k27I9rlS4oBfeNEImD4iOIaVWG3bYrpos7HvXCq0YJQ=
UAn2MJlPvAcI3Z,O9NK02xBVq4ZH7,4kIK5rT72afH0oUGjDrMLJTepRwA7hHpoQcClppMZTk=
KEoo4M4oTtUsz6,zLZSKyg2bJ4M9P,py5ZcGV276qtOT4kN0ZM6CY5O5uSPJ4yw/knghXXKPI=
EWVJaVaS9DoE77,2e1e3CQp1Uolri,5sVOUajiyCtNVbun32c9k0DmMgNLj/KrwkbZfo6wgfA=
xHyRxNyyUoRhja,Bg8uoHSryL46vg,eCIhz78KPVUWJ13nxqxjFuy8Ht/90Yv4BOaMn49uPuI=
1kLEOiepNGycur,amB4grgu7cARFj,VnrUK6xklkUamH2KVYcAeIMz7SGuVx9W/UWxYKsCg/Q=
mItvaFpyEoyRks,vJxrLPuPMPwQPe,SC3Rg6n15Et/S2Vas1yZoA6kIsiUhbLnPOVM5JdmPvQ=
Rcj0JUEmKurrxg,HOl6jUSmKHKlmc,mEX8Hmlo7qtASb3BmNkE38YMSBAnlnS6QWu6/Gj/rqg=
yqJyIZxcojOitO,osC2YoY7KzLhib,ZpJ53zgy59GZ9nWJwFTSpnQjT7EFtu0Hhte410shhiE=
7vGJ3YOoptB26d,CQ7B5bRkghJ111,j30eUKVv+lPbit+ZT2bQnq7cYzkTtNKDySaTJzd0IMY=
dtYQqoL1VNR7LW,qifG2DNGhk61zy,+TZ1oJv5cf8FStkQnxTpelhKjALN/EXkOiaYtXoObYA=
pA36aCw0uDQ4Fs,SvGPogoYDhS5mh,2vLbVhaYjSIqu+FAFOUtmXQpmVKppckVmXNPvWjt5ns=
U4mUbvzTQmcQEx,5X6nIh7KU2Pp7K,HPyWZtCw/0WqJB1OJkJbGpGUYr0f8Njr5D0UR2a0aX8=
dfAmddioMepAaT,YfnoSA1xSiQmYu,ZV/0648uJLJKC4e6YwBby+63g7nlT3NxobuSH3wTY0Q=
ldSMPLMu9JOb08,5FVbK9BHoG8Sen,QJydSggKnYSrrtxDxJppbeLl5TbhhvMnq1FErEEYR74=
hsNwdDK8Izrwsz,OBRPGnx1OkXRaL,0e7owxiREmEuvPBhVOH+TBDv0x37l+NqKngu+eadodc=
iWkRrEF9Ix6Xic,x3CSniIg4l7KoH,ww0TQaMuewv5gshgrrbKEeLOXhx9Uw39IZDxby890FA=
uqcL2KqdGe60Pz,1LwoldU2y249YS,cHNoRlxdDsAtOqrMenienR0cgBbxoTauPbvl2Ur/2Lg=
IhfudrtnH5NGg4,1aqLBpMZR9DwWM,mDUEYI45YkKW/mg2p/LUpZ8Q8AdosJovZWEInJRfPQo=
KlNsuxEnwPoZgL,Qbq0dy1Jfock5M,BmL47C+i0RBHin523ejSwr2NeDYUL+5DA09JN/VdvgU=
bxZkGWsy9OSXSl,RJypwTdt3QgwI7,aHSQ664zI9QJZukJTEAqEd6N2bM55n4mEk0zdr3pwtE=
N8fyOTR1x9cnmR,hhgqRNhHTstyAV,q1bjNbzA2MC2+XLnMxjHKUBdNTYcUdbpbpJslkVz6L4=
7GN8r7mgung9Yv,Y0T90WNI2AHM9N,SsZSv/FnVSK42ItHzzj8Y4+8+oBvAH+Uec8fJqO/9Bw=
WsinU7riTyhSlM,KPabxmxab7JWyP,mJnDvdv3ehgn/j8Q73iArb6WADUiRSlE/cZNsouFTHU=
bkgAvuRp16akdZ,0sZkOdbY6ufgYC,UUr5Uof+uU2V4EE+IQQQRkRzEjKjpXg2+gXWxtjurLI=
ZWMWdxRAc5hM4V,lmUMuBZ7GMtAZM,wmXBJUy37kTGPOW+5UTwJEwpjot5pJVZAQxfvTMtYAk=
rVRQFbvYt5Fdr5,x8o2K9vgZkAlbM,yExPM0epM3yQdvc+4xQezCgisYHPXnLr3k11dOkT3jA=
5uxhHXsiXuEdOu,JOVIEMXsiwYAfK,V5X7nxNr6P7JPa3nQ924Hv5Rn4ImrwO6xjnb0oueMYw=
3AbLWFzdOiRITy,TJwYqqdVc589mh,+snTEniM9Vk3AtiNsnNKd5o/L0tICO4faooUkT8GrhY=
rb3RsSyi4Q3NVX,WdPvY5LNTeGMOA,0Vmi/Pi+MVxEKHg5jtPVr+mRBkkxvityMPie0mQBGck=
TtIxkf5YYzxQyN,nZTaXRk9oAaOYc,25s8B5QZ4Wtl4HyRjiTP+vc7KnzDRBfDltnHaL7OSzA=
YmPv2M0JXnnyMY,aCQRnnXWQHxY9y,+hl6xJLvWZse5BHB4VEiVdFz3uJ5jidL5bdljoidyrs=
YOcJFdvu2ZnAX7,rIbsK6pxVr8LHd,Z2g8k3qb7ciNpGiEiVnaIhGwrERpbr8R7v3PUMlThbE=
c3l43VoHm2Xz5f,toKq9KuVtkodsM,7vLRQqJMp6P5HXo0McuwA7NbrHd4ogZmhRKfmGMwucc=
ntIRFHaQf8Wvm0,QG0y3WoxTdpwjl,G1pm7wJLFSVRr73ehKq5+jbZ+HMTRLqDRqZwTiRZ/ro=
AQHbczdRGTsVXl,0noZvy3dw56gRw,IAGJ6jBjmAZnuIiuAVD9KXAEk7byCcAAS5TtrdhbFXI=
C7yM68FHxymFTX,KYVCUmPNHOsUJa,eJzwS5Lg03wKJYH8+o9o8cEffkpRpHD87cj3w4iRebA=
zjUsw0AMtSGILZ,ebFMhIw3DRu258,O3pkpJl5gObp8Uu4emJfDTaSam2XWvn0rdaOduW4kgs=
OzQ22oon3UcSbb,M9QXvQdXhQU1iO,4wrbCoqCiryfiHQwb6iUPlx0hmSNNpZzJ9CtsZYcdzM=
nlnurFcFTQ1Tiv,xlwTutSJHZMC5S,/fe2SbUWfqEesOH+4WoxgJXItVTQEp9y6tDDvANiUFQ=
FmLLkMlFKkAoSd,u3ptKN0TN4TJ2i,WCPXSFWwiV58uXXsD0Y5iz4s4hTfuMVlYO/mKsdSjaw=
lrbwm4Rm2ALbpS,EIpGaF2HThGLEF,Qbcm6QvfgGlfZGm9iaLRKtPn0+FvQMZnZIFsGdi9La4=
L6tXPF6wO1rWBe,ZtyBKrIIxmPrIU,MBWnsaAszu4HpTlUfTvorB8qzswjNvOJ8g5sbanX79g=
Wrmc1oCkTy9mt0,M4ZwtWVfRRS9In,JlzXYuBIJmmU/gGCEa2cVf46qKMuijf205mvkZQ5l+8=
9OdHlYOkLVQPAZ,8MwWzdtO4Wj5eS,Ww4DLYavZXkfDEQMEZFets9EUowu1UszIiQvp375kKI=
OZkZZibCIx2yan,0YPcahKINAgeyZ,s3VGMU3uwM5U8oLYSu7JqIxWOTjhVvBaIa3EkMXo+yM=
f3B9MOvUtzqQZK,YxZt1KW5mEAlTd,S7CIwGJM2RuZj/QjDQHIZLiJHAXfb9P6byPmAGAFRGw=
WPc0SQtNSyfhiw,8BGbD4vKz3MK94,olcEDvtH+Abuoxeumv85qkKD4BuD91pQmlL+4KTwTpI=
NLLUaetahEAoaW,ga84IrmlvhMQis,RTFNJ1X4TEmo4vQMfAA8H1L44Tt1Qeo1focgl38yQ7o=
6uTTveiAMJthsa,0ZT5qb7iPqYCSH,LXn2xluJQdWx4eugLwPx712zgCJEIB8Zw4jRFjcdOec=
BXT2F01vhcXRxA,7Iv8JOcWZfkzdN,PTZm0FWQL+omeD0M4AdSAlGRL2I8eIXfwD3NaJMWMmE=
jJicgzEnzkKCqs,KlKvkpd2OCIuSO,6VMV/TCkgCQg8Ha1obatOKm+bgD2jPmNyzckzg6JWRo=
qycyU9IKduH0Tq,6F7BTsS9U571gZ,cYOJhhSNLkiRmxwyH4UWnmlPe7EGLPZMOyBc5gU3+yk=
o3cQ4i4rwnzPcR,3PpFcH5i4W1cht,4HX5tHeqox5u7sLUQ/6Q7uJYO6OcgCnat+waxoh0Q6Q=
P7AZk3WLjjOgQI,PQrmCe1odZ0noe,WmywmK9JTktQhE2Mc9aPQG7ZeKPdbgNU9vnEgETb0dI=
AZTgFvUxPN9uh9,5KIFwONJpor4tP,xAQfdOaF4oebBq+t3UzKGkXVDaq6YlqbanJ+JXwKnnI=
eaEUDtKW42WsoL,49oTg8og3tMfYI,/Kz6qHmjyj51ZqZy/tu8/LuKD94ilCBAByFlvAzthYw=
HH7Qf7Ln3DJY1N,g9K9wKPnxPXw1y,S6JB5LPU/993yT0dtq5Ee9PfBc8LR2KNhkQMwOSIuAM=
Yjhq4E16KXvQ7H,H93H6nVpGFO2nt,nRRc8UMbM6OCGoDqvjymLMTXFBZMDtc2Z7khY3ZXqdI=
dYaPU2bnNOK8T8,ZMRM0el1WBnvua,dzsQFyNz2a8YMExnJ48sVW3FDahjSvpZHAjJfrD5lv4=
eTb1X10SBPXYAR,8WgVZL6182sx15,KlDbEbWRzScxvxrRFdtRHLDUOnuBMwlkwd0ll6EEHcA=
ePLsI68QWGsJcw,CTuTHhjZUUkZlK,jTCRzdv2yXAiUaLoleT4xov0DJmZbZY+HFVMyWLTn1Q=
bj65SlaoYgFqqr,fwe0B3H1elwYUd,VJf3qY7AzqrTKtnPvo4ptDLOgZh433pWBZODS/Kl7/8=
vTALIio3xaS5dY,oRZsf7PyVVPFXu,3tr1NFHGw+zKHTDWVm+z+lQV0HMJXxf0ckt08PTXoUw=
yhwd8kliHVObPQ,vyCUPWtBCB1ZSH,T4Et+5Wosp2kKiTJoiui2d49Hphp6eMe1oJJerpbS+k=
YRGl4LO14OTfRU,Paxyqo6UeZ01i3,h31W/O+S1e8UAp/7mZ1G7u1CME2t1wZHli1qrpk3xSg=
quTaOoMZZYvE7Q,i4kNgfGT4Tk8Jp,qXX7gRMUJPN6pxokkQVADigP6y99ahkDdoh07T5Y/hY=
nT3RfG50EMP8Me,FZOjIleYfDH4kC,v+5KHi+NbRd3iQap2oVGJZ22VDb00LBVKOm7l6B+8OE=
yDtjpDX9dRReo8,pDcU9Y0tEdXmU9,szYsRZMfnZ6/TBO5gNrnx4LqBLR139JinOvgBMEpNcM=
aXmrRBsKaphSuN,r8CYR5bEHBrUhJ,Ds5pLYonnUHIIgDod8OeIZsvyAyhYtJiz7PzpsjwzFE=
26EmtVY9ZtJx98,UOGwEMH9f80d6o,caXMVz+KKjxpXyWlyZ3UbXmHWyJD+3DMUVKRf2zw/7I=
oc61iQxonf8wDN,UB8ohq3LESDw1H,lKRXh7rbPXwQ4MxLA+h8IMp/1HmP8gq7OFKkzKaxrDI=
Mvep4N8rmxVLDU,XZI4NPNhGQHTds,ohc2vUfeLgzuA4Tu1zikv18Y4LAxgbHG9XJ2mqXMf1A=
9wszR7rxm1eMm4,F2UCufpbKYb9Vx,KZFLLk7em9Xfyh/sS4NQLzuK+U05BhQlwVIWDinIvmc=
RJeW1OsUpOqv03,74IXdvdDqyjBy1,ZMf3YFJt2lbwteDPrEgSZ0dFOGDof+n7MGTXayGu4O8=
SREXVgFuW613J3,stPNoVz7MDjiEo,0Uar7xoUQ5vZ9W3odxIZvqrD7T/V3pz2yaz/N1PVlJs=
A9pbLw2av3dRRE,DZYWrtgoSJQcop,2ZbLV11fUZ30UIB7cvIWWo7KAjIQykRixn5eI4bkoR4=
iVyjmiNQhABXkI,gIF9NSgRoMNsmb,tIHJqRRDAcpNgngitwnTVo+vIUQL/KH4JyPwHF2iVjw=
t7CoO14BCPum7F,5YE9zRXQ9wxl9F,8uBcfpkydp7YPAghfrZSOajtRuj/MPFmwbcNW8KdQu4=
2Iv3SwJKu2XV7N,JiISJmryDLxN12,F5sGxS7BJ/xVogLp8TnPrhKAjZCRLzK/LpijAgjpNu0=
4Ipux3wErSj1dg,6cLPgpgyZNzUq4,cEi1MJVkZ9jjmGRHXVGN8pDmAymtTpL8nJSygnDRctU=
9jxB8T35RFkUqm,WMXGGyf5pYx6Ow,N43rBGmXTlpttaxPTyW1+Jo+lf3dfRoiNr9Y4QDrkQQ=
EP9H6X8TmRSD5l,Hu4QdECu3Tupgs,jE1rXjWwNcH9alWPMor5zaehieVe2pclO/CgGf0YxTo=
iJj5zIaGnmbSvL,7HpDUv1xQXpxXC,JyB5HmtReWp8+lgUk9grBQWuUH+zgndGyisOLfUEiOc=
bdOddAzYcnPGTg,Gt8SpvRmKApcMu,TUApNqyMy7+a6EKjUFZyuTL6gnTqsZG7FVkjX/I42HQ=
3Lvi23daGw2IPB,hLBaMOj0tsYyLt,YpyhBRTfELG8xRUT/Kpw7Xdj2cIeAnqdfGnZBdLFhX8=
NAT3r6gBKS7Y67,WJM2mOjfGvveut,851rE1klfPcfZ/9IAmQeKl49R7l/+DoPcEaWGw/tlic=
n1zYNiJtOt0crP,h8m7nEWZI2efec,O/xJizs3a+ZwG2lg9L81KT2W/4BnFUjc3Tdo9ZvzK44=
AzLVSVg89mCEOF,h5IqjpDJVf4SzR,v8RiGwjx2p6BsGnd9sATRj2v7cSvUJv8aETaO3oLvIc=
wp2AC2tWDO9Yna,dJC4AcQcqcbpXi,tAM8DFNkGyJk7E5AGdXAm8njc9rVlsssvjpEPtDAYC0=
aQzTbANBXvWsH4,ri6VNJBE9ywBzm,9HEdOuDftKuwbUilV8t7X1EaSOm3I5daMu2Ywf9lBYg=
VfRWrhc7nIEIUe,9arszmHDYmbNZL,nwHX8Xd7+0DA7D3iHm1fljrNL+Cp6NF1pThhWTT9B8M=
e9bsa6fPyopLEh,tt0Za38iFfaXRa,J2fyY27PfQWMibk8jerrJwfI1AxKYQ/DKzh0S9nLrh4=
ygnWPUuohKQleS,lFR8uhALaojUWw,Y0DyhtaxO5YyPaCq6Tjtn1SqkpzQ/Gxt5ztRQsQat7s=
orXNJPJpgmIhfV,53ReAf6m2yAVqh,WKSRdJk+h/9XN6CozSs7mr9pmpPPCB3ny1wX+U7rc1s=
1Hd9JhkzpDhZVB,vE5NhWIBIqJLHJ,XFubM9z0v34ROntsnaI/dzaLxcqIriIZR4+U1U9VVcA=
hc7M26C5ZedTUs,obyKyVHh4r55Wm,YDhrr3sKcKJIdJnp0GzRGTZ9Eain/XXiOTi58t08nws=
Dtt9dFOhzM8bba,HKe0s9t5jtwgWu,fj79drqyMMRxq3H9dWPxwbKRZJGU1J0VgKqdmAz5BBg=
GBjOac1exgkDdd,fURmB4MrEpDy5l,2PyHv5Z7qfTfTWhSUShA5tFsa6lE+aWW7OckOPE8JwQ=
tfp9oD9iBwV72t,K7E0RajmUHULj1,xHH9mQ6PPLFZH/7pfj376Zax1S0b41lAuHNPXCDSgYg=
NUMeMNjbDEEj4S,g6WHXWZqAnPvdb,10rDA3/akXPCUCO1WpPd5nf0GwtuW6yxq/g2LFVzQyY=
JNh0QD2YMJi57R,32FpbMpx92D9Nh,oilj1GYdCXCOV+pqH3QTmNNVhy/etCBu2FnOqRJD6cg=
4Iy82UibiakBzo,lhULU5poZq5qhA,WzbVhC7bBOVWRUMMiTjxhideKAc39IP6lRAB1AkxrOk=
zSJQnLuydFp9Zc,kDt8BeWpQi38HW,mQe+Blc6cSyrE6l+gHJZqSYpjxoyTCi1FtdcQ/HUmqA=
eqmo60OjfrESKs,dRmUulUP5qK1vt,EhrY8gyCqCyHVpq+hbV+y+B0U7WYe7SyQmkGqtEvt0A=
tAFVpMkuzedFj5,Cr1OaALDA1GzsW,VC0jCgpFwIDr5Y0RTVb0UCDYDSdnhl6XTragnOXwqZ4=
C01sDDsVRrmyHe,YNY0T7hNaADBIF,/hMiPhifkp0vMPa/Wu0mavuQ4rnjXOa3bSewlvZxbt8=
Mw9LH3BzFcosif,ZXbVpS8v0AHS9z,iqRPfJztt/gDIcRh9xWJUCwqz88TcSRt/qZJmlRBZV0=
9cnAB9gY9LReBF,6sjo2xua9f9Jdp,oGqE48geo1Mj5fGJ7mbrsLE8+TrGI5CUd7AIIUYLAIo=
qTK8iDQVFzJtuy,6xABiXsxG0BwJp,0uDpPOgm1JsorIz6Fhw0K+aPpcndjWRfseBPCTSf3vc=
99oEb1qHaP7fuM,jV11fXn0Igo725,hV7lG7hvPutgEDP/esTBuNH3ZpAnVcTEANyt6Wkz0JI=
r7lDG2fBvdeqUR,PbFOxrHqzejKAr,i+I3XPC3RqLQRlnCYJMEyWR+D/2c5Pcb4XULgMsIXus=
MrnGF6ApofEVHM,60ksp9Q0mr8V1O,wzkMmqd68L0poRBD77rtaulmBnd1VuVLPoNmXpOLAeM=
Ed4cVG53nY1NEF,I1E9xHope42Bm6,sd+XGdyvzF86yDyOD4+M/6jSDb+Y7pPl436T8mvUlRQ=
8MN3ENdjxVKdBn,bHbBxPnxmoGZUY,3+hzvS4PxmIxqps5pilp6andJFNXC4x5RquDqntBxf4=
Iv4IkcQJWItbF1,yXWRS9QCOSlqzy,40VlNV/v03SpS8X2tHa6S/Vw9StF5eIW1v5k3T4dFYI=
ec6rdtGTHTGDBD,lF4eJx5truXLqe,ITNTvAGoFIx2AHLKGLwOQWZx002dgheO6w/LbeKPLTA=
3BJObdxWUsgUCF,zmq9ecq4ggTo8A,gtx8MAXdLWbMcP1KRtExkzf+17NnKfKSBNpQCffZxwo=
UwKOmDdTpLv51k,2tqi2AMlQ4Ga41,0/AvJLM87IbCKo45nwwnAGw8VJuHslxax65JdwdDn7c=
kBi9ntsjDYXS7L,iwucjRCqhHJrvP,UbWhcJ33VdgVQ2d7oA/NB755cjWZUE7zQgbrC9OIefY=
78PigjVbOipbN4,CifjPbLUBKNVcQ,feN7vmtIwv7M8Gizh2YpksR+F1E+0gi7UpXEUVzr848=
F7i2NjiIERBBt6,NcbjvZ04uIHLT8,4S+O/+5hTHtARAP1FIJMpLr1TIyCSUhwsyBw74qyxYY=
nkUJegM1G7Lmsm,wSH9YmkjZlTJ3s,eOTzOowQ++GV7rubpAKh7VGVbYw3OTNentaIyrmAj94=
bMnPnXIdmzkYGF,KOser4V4qsrIyv,WbCATlWIvXDOeAMC2EZqH0TnCMxfx3gIH4AqNG29b1U=
z2t2ZZiiRKF2gV,TEvupCbOClQycv,b6jb72wjuryYtAxADyx7ITDLHoRLnOvkjGGu4Ggd/9k=
sJjHbv4s9Ux0fS,SvUpD6gOrvmdNv,Ff9M0U6cznWtdYbnsLh2aE52B5Hwfv17VWFGDWvGz+w=
kB0FalPXKu1ofo,CpJHqQfeJHeLW3,iHRgwmYYl/rIe/NWcYaTZ7dGmZg7xFmr07rlA0n8o80=
I7gdyfS3CLxMQG,MlOZdy3eH8pZ8D,ItzB4goZn67WEG7U7pajrc1Vvh0DUO7for5G9yZy3j0=
ORtdLgVTqEuBo7,y9Y8wAQAu07IMR,ry5Q+eB6h6Eis6s4EiyoE/8sEogcPXiCNXDSopomAEs=
HeuyxQcdFRV8T1,oAacDqhMafAJ8J,9zJT+EejgfGI0tB9dSkCHaZ2EqsGtwU6Esiv0BXMoAg=
idIWZAbE0dWMW5,UoGJjQeu9YWFen,C32V59ml1uqHvv5A6E/Tr7lm4XIDluQwPOzuwccUcSA=
QLhtnH0NxpzS2P,NWC4C1GgOZc7Mp,w1D8cB1F1xPLVO7Z8bA/LsMcuHw8JSCGg/dLnuaS4sA=
10HkJzy31sPvJO,dj7Doip8hM2aVE,eJw1iWVsn3Jt6FGtonU1N3Zu9EgARpia/H+wDD6vSHI=
Z9CrrEfFEbF3kq,oPJ5bfzzdaDFNG,7QhpkO0WH8VRI1bd6IlNkN3J1fSNklRnqH1L4L+qk+o=
jA1OumMPBRDDL7,jek4WQv3qAgvX3,XE6IYYxyGeSCsmUSqVPsBuVMQ2zC5W4IuZaiZbCcVaQ=
rfJ3in6tnitMs3,3QVqDcRoYXTN9S,D4Yv6JbHQ31BCPy2Y6PSnP31PYQSx+AyVF7blvxOO94=
PmAmrpnNnkQiHE,IT3MBTDWv8RKmu,+H3NphypRZa/5XIRmk/l+aZ0nZsxMsc848VDGxGnNFY=
mNxS43roWOTGB5,VQxdm0AzmgGYJB,D/k9ThN6Bn7E1lAogPF0lSaU3aDWC3PZdL1YhR57fyY=
ZyXOpv7DZ2Payy,98Wsr7rlp2jDv1,aaLXNU/C2WVLd/YWlHFpJajp006tfi2aAYbJQcqyyfE=
PW3qymAVmcKplK,Wc8RC7CDgLYN21,Fh1tdx0JRiZNLlc8HVzD+Da1suRh/vsLboenOrSFULw=
PeUQx6CrkZJ357,de1s4J4fPct63c,xabVsF6hBQJj8ZwfPMPlwaWW09ww0/O1HgmTqmYBgpQ=
OedSZxFj8mPOsZ,2qh8GWDq0aE4Ma,RKc6JBewKPgkjiIrGhMwoFLQdBQWZ6SIw4xHsiAVziA=
L3monBXFG2f4n4,B5usQIRfjyAIDJ,tifhIIL6S3pVKqVvd2z6HOSJD3OxpDLkw6XmxzB8he8=
Hax25UeJskmiPk,D7iAsE5DgJbAkm,aFmKpZtWEkvDeN1xsDKBDY239zT+To8ytf6/1Dot0Ro=
u7z3DfO4ANod8A,u8bzKNrKPF7e67,beaYOrlujJHrxyG7z6J/oWyaPfGBLJrWcdhPx8WKvsI=
jBMD9L7BKhKSYF,ZQozmzUScu6qGX,XTLZnDd2Yq14qLUiK79JbVv7mEL3hYSMbjXNnIQnB0c=
03My0PjcdmOsKI,4fIOR7pE9ylTYz,dYUQjkkE9D0+kwzKxJUNh7miTwC4FfpVLzXCIX8ahRQ=
HJXfaNJpMXHaxd,FWu2cTNsXFhA8D,P3UuZ1/DgWTUukx3qTXQhQByCwSZQFSAcQ/vq0Ysolo=
teggwzasFb6WQs,Y2lvVUPnOHE2Y7,OKTzqHsIAj3UW4wRLQw5u96Su3Wdk3rIakGQJvQyM50=
Vid4RU0Fqo2EWa,ZdkKFvCtmpgaaF,CtlJ0ZFGtami0bHy6C+bBEaWicWstrOhbO1DZha0iG0=
SmXW5PLVyxdFbs,CcBYWD8ys91ll6,WjD5wRo0j6WinvXmdElwr8qofAd1iZqiIIf17gD4ARg=
ldgNvYij5DxOX5,lW76N1yrjiveuO,3j3hFd3o/oV6RLptLlVBGTpvzmmx5gK6ivw1iyi/1SY=
9SpeLBW2xJbajg,Qku8cNrHjmahwx,gaC8bwoNAlUXWEXPuqmewOFr2D2wEWVaBoAMdrFS0Dk=
ev8p5xtsSWAQie,ZhOzsD8tUsyAlu,XgoJDy/Jy+sRtGt4EC1s6XHFmGlqR/O25N0ejWSxReU=
aRLzvLXyRqEQB9,x6vt4CjnHwmrd2,1vJDIKiKdXI4rImcALVdon+x2SmaHfPZFrrxKJjLqJ8=
PMk9OJZtMbtZ65,9DJUOGqz7gdLJD,cHa5Fb1aoS8fqnV3woUh0mQ1Uw3dQ78BED+IbL0lnR8=
HfQm0gfpA9wqJN,K7x2gKlndAGxG3,89E7ghdAcczLSosS59cY4WSnJBvpjLc958U+Z4Tz1V0=
cGfBXbHXlQ2glg,J8pikxCtDzVWZt,Q95mHw4T1ov43zIt4KBDdKVIls+fxGEC+4pRNNUYULs=
lqo5hAMM9BykRE,HOpBp9hkvgwHAw,dFHjoRJrQxicyrN5b4L5R/JEOcqimqczGAI2Y0uu0kw=
gnE82IUl6NTBE7,ujoupWXp1vSefR,v0BFhybfugSaOBR24P021B7EbNA3jJBtf3HLVUcFtc4=
12Nr2NcHwIvEGn,NGrWaTGcCwHcUI,vD9LgU6Nk+NNFey7UoN3xa9yJe1KZPhtKqwt5tXk++Q=
jxTdsEQZNuqR6l,ngnszLU49Wb5GT,9W98N6b1gU4yxNUIRr6o+5w37XGu6yidsnurkmWGXjA=
kLA8XuyxOY1pkC,QSZMIphmYNrzwT,qZwFISHmpckZtX18bbUP/muyF5AIehtlClbfxdkLsX8=
4B1gYR4lI1AqyJ,Eq95gPZOMUBNRL,F3HqnktEexjble8D4MU0U2/rP00re0He3Cb2RYm3FxI=
ynjSJY4VJsFh0Z,kBeuXhCX4uFiIt,/RxU7iFG8RhTbHwO6F/tINI/hcUZRvmKB3P7ofSwz/0=
MKTsLlwTpOcWFj,TR3AClN2RTq0zG,Y1baAgVGrMvtfOOaqo5HOt/bSmDN0KYd99aqJVjDtNI=
lCzffidzPkIN4B,SU8GR7IQSyMWre,2pWlgVbgPxzrXJNQ44E6ILwY1rD6rTNamVyoLBQ/16I=
a4ghvy1biVpCYG,67aUE6ClKbl1xh,32c/b67TP+im4PJq/3nN5nXHMKmUQ4A3ic1QDKXBhA0=
WR1wHvzdeozMN1,5uh0A1NThELbfC,z6+LCvPjS63XUVjydcNidZRw3UiZWXZ23BaJ+hflTA8=
HexQ9mDDmCwvwk,XvxjOTbgyT8UZE,6rnRAM2UmfMbKrHIvAPJEAiIUo3d9Z51pqjskASrTd8=
uKTBfostyOT6Xs,jWq0bVyPCQWTln,1puAqal3BYAP1EyXyU10lCyUMwL2YajIGc5ioQXSx24=
Zbx86ypylRRnV9,NTeL3B2RqHpaoq,7ViGhYE7KBxXRch7d0UUlD09121JppCcLMESYmG2i8g=
ldq4fBQgeGCSiB,BsodOctde6LrYu,ouGNwYMqwCn4HWRiVsa6mjGsCoOcVBnRl035wcbIaPI=
kPZDk0273K8VHC,t0Oe6xAWTr9tY1,V3eAP/0YVEnpENyDCHcPuC3036YEsyH8u1HJAwNnmqA=
SJLNfFdWhhNgyK,ofgaINug4q5wBR,Kj3sAkfr3GPyi7gs6aMAI7Ws0TUInG+0lMuhsduP/6k=
B3zjzf6YQyOwq8,bBdQ2LShd317ne,uaK5bSv6LvE3Y8/Z44rR5npjJklR0IQU/fJGsf90WY0=
ic8vbE95bnO0Cx,baOArM8wSkR9oE,64V6mrdjwKdgf26HRk6hhhDJAwgTs+JeSe8WHTJ+fvw=
lk2XevvhUxYRmf,hT7FtcGBKTE1LZ,VRtzP89hfiDXglk3Kt8NDXCFJdXTJbsqWumveyGXaEU=
NtZXc8FQYbPu3R,Rw1CRChTHtqOFW,Y/5dsdVow/lI3jnenNWYbfFDuEoDmYLI2aw7xxoh7E4=
rUcbrlaWRHF1Ss,8oxVWeemJh26g2,5kQAf+gHGwNUoAKO36C7AOCrUwEb2N5Y9dd0EJp4J6A=
HYzaZlsD75odbR,ZAxtTCUEmYPbVP,sbyuag5qoIutBm2c1L2Le/e3IeuElJaEZ1cLQhWJ3A8=
KQVWgnrEU6xKGQ,zszr4sBJvL0Wei,qSFnyhp+4drNJB7NhirFDT5yW7oHfdOx2TclwCy9XWQ=
mSrYcm0v77LJpB,YxmHpJGekULd6b,JiUtu9sACyKNwseXMwUo1EUjRMQBG8HXKvcl5nlQgfY=
Y8Ww2GeIj43xLK,gPEN39FVjnBCNJ,5P/yKCBX1dyQA5NAVJu8ZbNuGsZV1KBjyUYfvD/EXGQ=
sGgfOTnInrGhkG,rbCJq4LAKK7E5K,qYfrsjbn3Le5tK5IsKO7oJbxwXgZzD3bSMDFBnMk1WU=
ZLvBlyD5hbizmU,1pK0hurUmVLYTf,TflaDk6r3hzT56wALp6cVzifaa+kALbemJPaRM1Fg/E=
db7xmSubDyfM9W,b33gqTGBo7Cdje,cF2zuq0wSGzxoNiEXsVwmIDfZDFZzZ1drZkfQL8ktt4=
pQUgdOn403zSJJ,q2wEU7cZ609vtV,r6JD3b70Pu5TzyFcdBQZ72HlWnSahJcSB78rOqjzh9M=
Nogui2Yxl9MT31,qUuyu5YmVQXj4e,acYplXggXW0a3pBOpMZv0YU4EgqqSqV+UkXKfcqbAbI=
oZkWJbmuwtf68Z,XnSXq3kJmzrbgX,vd5bWc26+RDzWBvnyhOxV3tcphoFG3Nd5cp5zoMt/54=
dKOAmlsqDEZHqt,7BXIqAnimri3ww,aYyffQPCi04TYZdwYpPeHFfxTLj9cRa5X6QftZS7WC0=
WdeMHu3vjmK6CZ,02eu2wHmNdMi4w,fBsNfj3LKX1pLGRW1JfoONbbpEtPmwl9efCtuFlNpB4=
fjAfzk0dBt0UUz,NUgLMu1yH84Lsq,YEOAlQJeeV4kH1+BGBhJ9LopNauA0u1a9JxJ8qh0QiI=
DgU1TL1RRwSPnu,85N0hNsKCEwU1J,0ycJztUntMgwY8ZqwT+aGJXZPq3dvZ3X4t0yVaTs6IE=
MBnd1T08ttx3M7,8Gy5WZ7GWkKRex,HlmwMiFNBxepY81BMPI7feKfaf65LqaT1kygLuyPo6c=
RHRQ0YVa7OHYQQ,uAWWQ9RlG5ElFb,GPeEIcr+dYN+9R268l8sRTpUGCHHjRBZMsFzBGOmNKk=
803BWZTOU3ItXs,RV7w0aBpMtwZqb,DKErTjQNZkDBBzULEM5ccEu2KMnMtDR+tS3fHU7RJEA=
QEqiOSmcjSVkzH,mCB5viY9LCOzxh,RkoAcXMsDlAefhESUvSMl2hvhL6sAnkElUwkvq8VerE=
7yyZpo6kQ5Z3gJ,6cqjjCMP2XKA5R,MDVUvlgkUvApPDUdmOpNhTsV8Um/yjwv49P6hOdWbJI=
lUxj8WQVnTLYVM,hBBE7Zv0qxFfMq,0ivQ9EbPGRfEQ1N+yXHEVw9vbvpS9zs7j8KYhLcclsI=
NhdQALgzYZo9cL,eoc4YpetUwGZ3q,EvYHeZnolnMOo3Fu8Nho12ScMjkd2swln1O2FXhddkg=
csBQJ7925WB4wq,kpga2ZHosfyQuT,swvqTiuXOhgFXbEs2UWBSpl7vIkCx6cwIIKD/qr/TPs=
eYFNY14Z8Ubc24,t83cqydbhut9qG,jDtz5ZDLGJJkM+vmw2MGN8C3U1LsOZmVq/xspjI7CKY=
gddXWt1BPTcdxo,URYjdKx9V1YIBZ,CYGydxTBPiTShc6S75fxxuP72aVMBXLmcFvdMpeMJCU=
UcrEwK3oQpzsYz,j6Ju86c2yoyc44,JXN6T7qDzAkHK4Ne+UtxTwfVi4TSpjkgdI/xxxXZ/pc=
judihrBPyMKtvm,Ej6yyLsqIV3qsC,5j5OunfoNEChFNIaV2wQ7EkJehYiTsIqX63t++5b7Io=
TxrXrL2QqJaoli,L3H69jMPbuzxlV,RVhxpwJ1gsmlU4gFSJm+iOaAKIr6rRe62wmQ70XDetI=
VgPv9s33nTLVFQ,lTJY80wCbPrnxj,Y+myROrb19rBLL1SR/k804G9TSRsJNYofbsfsiH8g5I=
